reason,product_title,sku_first,option1_name,option2_name,status,variant_count,product_id
"option1=""Colors"" (plural)","Aim Shorts | Chocolate Brown",GSO005-S,Colors,Size,draft,4,9250560016620
"option1=""Colors"" (plural)","Aim Shorts | Stone Muave",GSO014-S,Colors,Size,draft,4,9250559590636
"option1=""Size"", option2 null","(GOJO) Jujutsu Kaisen Zipper",GHZ006-S,Size,,draft,4,8756565541100
"option1=""Size"", option2 null","(Washed) Black Hoodie",GH026-S,Size,,active,6,8707640033516
"option1=""Size"", option2 null","#55 Frost Hoodie",GH032-S,Size,,active,4,9104511238380
"option1=""Size"", option2 null","5 Way Stitch Hoodie",GH037-S,Size,,active,4,9123348644076
"option1=""Size"", option2 null","All Hustle No Luck",GH024-S,Size,,active,4,8757171159276
"option1=""Size"", option2 null","Baggy Trousers | Black",GST001-S,Size,,active,4,8995635364076
"option1=""Size"", option2 null","Baggy Trousers | Cream",GST002-S,Size,,active,4,8995640705260
"option1=""Size"", option2 null","Baggy Trousers | Mocha Brown",GST004-S,Size,,active,4,8995638116588
"option1=""Size"", option2 null","Baggy Trousers | Sage Green",GST003-S,Size,,active,4,8995642638572
"option1=""Size"", option2 null","Baggy Trousers | Slate Blue",GST005-S,Size,,active,4,8995644997868
"option1=""Size"", option2 null","Baggy Trousers | Steel Grey",GST032-S,Size,,active,4,9161676849388
"option1=""Size"", option2 null","Berserk",GSH002-S,Size,,active,4,8757176172780
"option1=""Size"", option2 null","Black | Essential Zipper",GHZ020-S,Size,,active,4,9122830221548
"option1=""Size"", option2 null","Black Cargo Trousers",,Size,,draft,4,8012553584876
"option1=""Size"", option2 null","Black Essential Trouser (Winter)",GST017-S,Size,,active,4,8757185642732
"option1=""Size"", option2 null","Black Trousers",,Size,,draft,4,7926193553644
"option1=""Size"", option2 null","Black VI Cargo",BLCKCARGO-01,Size,,draft,3,7586034057452
"option1=""Size"", option2 null","Blade Hoodie Foam",GH013-S,Size,,active,4,8757195374828
"option1=""Size"", option2 null","Camel Brown Hoodie",GH009-S,Size,,active,4,9046702850284
"option1=""Size"", option2 null","Carpenter Dark Grey Denim",,Size,,active,5,8665336807660
"option1=""Size"", option2 null","Carpenter Light Grey Denim",,Size,,active,5,8665337004268
"option1=""Size"", option2 null","Carpenter Washed Black Denim",,Size,,active,6,8894217650412
"option1=""Size"", option2 null","Charcoal Heather Grey Hoodie",GH041-S,Size,,active,4,9105538089196
"option1=""Size"", option2 null","Cinnamon Brown Trousers",,Size,,draft,4,7926205939948
"option1=""Size"", option2 null","CORE Denim | Black",GD001-26,Size,,active,7,8989890117868
"option1=""Size"", option2 null","CORE Denim | Dark Stone",GD014-26,Size,,active,7,9160027930860
"option1=""Size"", option2 null","CORE Denim | Stone Grey",GD002-26,Size,,draft,7,8989953949932
"option1=""Size"", option2 null","CORE Denim | Washed Black",GD003-28,Size,,active,7,8757181677804
"option1=""Size"", option2 null","CORE Denim | Washed Blue",,Size,,active,7,8757204254956
"option1=""Size"", option2 null","CORE Denim | White Stone",GD015-26,Size,,active,7,9160027865324
"option1=""Size"", option2 null","Cream Hoodie",GH007-S,Size,,active,4,8707636265196
"option1=""Size"", option2 null","Cream Washed Blank",GB021-S,Size,,active,4,8664075993324
"option1=""Size"", option2 null","Crimson Washed Blank",GB020-S,Size,,active,4,8664078680300
"option1=""Size"", option2 null","cross star denim blue",,Size,,active,7,8757243838700
"option1=""Size"", option2 null","Dark Green Hoodie",GH011-S,Size,,active,4,9044757709036
"option1=""Size"", option2 null","Dark Grey Hoodie",GH005-S,Size,,active,4,8707636363500
"option1=""Size"", option2 null","Dark Grey Washed Trouser",,Size,,draft,5,8012556533996
"option1=""Size"", option2 null","Dark Heather Grey | Essential Zipper",GHZ021-S,Size,,active,4,9122906669292
"option1=""Size"", option2 null","Deep Blue Cargo Trousers",GC011-S,Size,,active,4,8012554731756
"option1=""Size"", option2 null","Deep Blue Washed Blank",GB014-S,Size,,active,4,8664086741228
"option1=""Size"", option2 null","Dropout - Class of '25 Edition",GH014-S,Size,,draft,4,8757219524844
"option1=""Size"", option2 null","Eden Made",GH020-S,Size,,active,4,8757223162092
"option1=""Size"", option2 null","Emerald Green Washed Blank",GB019-S,Size,,active,4,8664083955948
"option1=""Size"", option2 null","Emerald Green Washed Zipper",GHZ003-S,Size,,draft,4,8757230829804
"option1=""Size"", option2 null","Ethereal Blue Washed Zipper",GHZ005-S,Size,,draft,4,8757214019820
"option1=""Size"", option2 null","Fade Washed Denim",,Size,,active,6,8989942677740
"option1=""Size"", option2 null","Fade Washed Hoodie",GH031-S,Size,,active,4,9122909913324
"option1=""Size"", option2 null","Fade Washed Trouser",GST012-S,Size,,active,4,8995613442284
"option1=""Size"", option2 null","Flying Predator Zipper Hoodie",GHZ007-S,Size,,active,4,9122884255980
"option1=""Size"", option2 null","Forest Green Trouser",,Size,,draft,4,7926206562540
"option1=""Size"", option2 null","Granite | Essential Zipper",GHZ011-S,Size,,active,4,9122901623020
"option1=""Size"", option2 null","Hidden In Plain Sight | Arctyc White",GSH004-S,Size,,active,4,9123056222444
"option1=""Size"", option2 null","Hidden In Plain Sight | Black",GSH003-S,Size,,active,4,9123049439468
"option1=""Size"", option2 null","Hunter Green Hoodie",GH003-S,Size,,active,4,8707636625644
"option1=""Size"", option2 null","I Hate Maths",GH023-S,Size,,active,4,8756563378412
"option1=""Size"", option2 null","Jorts | Dark Stone",GJO001-26,Size,,active,7,9093341413612
"option1=""Size"", option2 null","Jorts | Hard Washed Grey",GD008-26,Size,,active,7,8989956112620
"option1=""Size"", option2 null","Jorts | White Stone",GJO002-26,Size,,active,7,9158687916268
"option1=""Size"", option2 null","LA Lakers",GP055-XS,Size,,active,5,7643030290668
"option1=""Size"", option2 null","Light Beige Trouser",,Size,,draft,4,7926207742188
"option1=""Size"", option2 null","Light Blue Hoodie",GH008-S,Size,,draft,4,8707637477612
"option1=""Size"", option2 null","Light Grey Hoodie",GH004-S,Size,,draft,4,8707637936364
"option1=""Size"", option2 null","Light Grey Washed Trouser",,Size,,draft,5,8012555682028
"option1=""Size"", option2 null","Light Khaki VI Cargo",,Size,,draft,3,7926209413356
"option1=""Size"", option2 null","Make Your Own Luck",GH022-S,Size,,active,4,8756562100460
"option1=""Size"", option2 null","Maple Brown | Essential Zipper",GHZ010-S,Size,,active,4,9122847949036
"option1=""Size"", option2 null","Military Green VII Cargo",GC008-S,Size,,active,7,8757243314412
"option1=""Size"", option2 null","Mint Chalk VII Cargo",GC007-S,Size,,active,7,8757242986732
"option1=""Size"", option2 null","Mocha Brown Hoodie",GH006-S,Size,,active,4,8707643212012
"option1=""Size"", option2 null","Mocha Brown Washed Blank",GB015-S,Size,,active,4,8664085233900
"option1=""Size"", option2 null","Naruto Pain (Hoodie)",GH016-S,Size,,draft,4,8756561150188
"option1=""Size"", option2 null","Navy Blue Hoodie",GH002-S,Size,,active,4,8707638624492
"option1=""Size"", option2 null","Navy Blue Trouser",GST029-S,Size,,draft,4,7926208233708
"option1=""Size"", option2 null","Olive Green Cargo Trousers",,Size,,draft,4,8291025354988
"option1=""Size"", option2 null","Olive Green Cargo Trousers",GC012-S,Size,,draft,4,8291026895084
"option1=""Size"", option2 null","One Piece Fire Fist Zipper",GHZ001-S,Size,,draft,4,8756567245036
"option1=""Size"", option2 null","Pastel Pink Hoodie",GH027-S,Size,,active,4,8707636494572
"option1=""Size"", option2 null","Piping Trouser | Black",GST006-S,Size,,active,4,8995711647980
"option1=""Size"", option2 null","Piping Trouser | Cream",GST007-S,Size,,active,4,8995711746284
"option1=""Size"", option2 null","Plum | Essential Zipper",GHZ009-S,Size,,active,4,9123072278764
"option1=""Size"", option2 null","Project Rebirth Denim",,Size,,active,6,8665337659628
"option1=""Size"", option2 null","Racing Green | Essential Zipper",GHZ008-S,Size,,active,4,9122890973420
"option1=""Size"", option2 null","Rage Denim",GD005-26,Size,,active,7,8995712762092
"option1=""Size"", option2 null","Reverse Washed Cargo Pants",GST031-S,Size,,active,4,9123131130092
"option1=""Size"", option2 null","Rust Orange Washed Blank",GB018-S,Size,,active,4,8664077336812
"option1=""Size"", option2 null","Sage Green Cargo Trousers",,Size,,draft,4,8012554862828
"option1=""Size"", option2 null","Shadow Grey Washed Blank",GB017-S,Size,,active,4,8664088051948
"option1=""Size"", option2 null","Shadow Grey Washed Zipper",GHZ004-S,Size,,draft,4,8757236695276
"option1=""Size"", option2 null","Slate Grey VII Cargo",GC006-S,Size,,active,7,8756872773868
"option1=""Size"", option2 null","Slate Grey Washed Blank",GB016-S,Size,,active,4,8664079794412
"option1=""Size"", option2 null","Star Denim",GD007-28,Size,,active,6,8665338151148
"option1=""Size"", option2 null","STAR Trouser | Black",GST013-S,Size,,active,4,8995732521196
"option1=""Size"", option2 null","Straight Fit Trouser | Cream",GST015-S,Size,,draft,4,8995732881644
"option1=""Size"", option2 null","Straight Fit Trouser | Slate Blue",GST014-S,Size,,draft,4,8995733012716
"option1=""Size"", option2 null","Straw Hat Club",GH019-S,Size,,active,4,8756556333292
"option1=""Size"", option2 null","Teal Blue Hoodie",GH010-S,Size,,active,4,9044767965420
"option1=""Size"", option2 null","The Combat Washed Hoodie",GH030-S,Size,,active,4,9122888122604
"option1=""Size"", option2 null","The Floral Hoodie",GH033-S,Size,,active,4,9120333168876
"option1=""Size"", option2 null","The Good Attitude Club 2.0",GHZ002-S,Size,,draft,4,8756564099308
"option1=""Size"", option2 null","The Heritage Jacket",GO003-S,Size,,active,3,9123139518700
"option1=""Size"", option2 null","The Heritage Pants | Black",GST027-S,Size,,active,4,9123133391084
"option1=""Size"", option2 null","The Heritage Pants | Black (Summer)",GST074-S,Size,,active,4,9207586291948
"option1=""Size"", option2 null","The Heritage Pants | Frost Blue",GST021-S,Size,,active,4,9123139027180
"option1=""Size"", option2 null","The Heritage Pants | Wine Red",GST020-S,Size,,active,4,9123134079212
"option1=""Size"", option2 null","The Heritage Pants | Wine Red (Summer)",GST075-S,Size,,active,4,9244420931820
"option1=""Size"", option2 null","The Heritage Top | Black",GHZ017-S,Size,,active,4,9123133128940
"option1=""Size"", option2 null","The Heritage Top | Frost Blue",GHZ018-S,Size,,active,4,9123137388780
"option1=""Size"", option2 null","The Heritage Top | Wine Red",GHZ016-S,Size,,active,4,9123133784300
"option1=""Size"", option2 null","The Illusion Zipper",GHZ022-S,Size,,active,4,9123139977452
"option1=""Size"", option2 null","The Initial Hoodie",GH029-S,Size,,active,4,9094339985644
"option1=""Size"", option2 null","The Tactical Cargo | Camo",GC010-S,Size,,active,4,9123119792364
"option1=""Size"", option2 null","The Utility Sweats | Arctyc White",GST022-S,Size,,active,4,9122948382956
"option1=""Size"", option2 null","The Utility Sweats | Black",GST030-S,Size,,active,4,9123347759340
"option1=""Size"", option2 null","The Utility Sweats | Granite Grey",GST025-S,Size,,active,4,9123010937068
"option1=""Size"", option2 null","The Utility Sweats | Heather Green",GST024-S,Size,,active,4,9122988556524
"option1=""Size"", option2 null","The Utility Sweats | Lilac",GST023-S,Size,,active,4,9123036430572
"option1=""Size"", option2 null","The Utility Top | Arctyc White",GHZ014-S,Size,,active,4,9122928328940
"option1=""Size"", option2 null","The Utility Top | Black",GHZ019-S,Size,,active,4,9123347562732
"option1=""Size"", option2 null","The Utility Top | Granite Grey",GHZ013-S,Size,,active,4,9123003597036
"option1=""Size"", option2 null","The Utility Top | Heather Green",GHZ015-S,Size,,active,4,9122975383788
"option1=""Size"", option2 null","The Utility Top | Lilac",GHZ012-S,Size,,active,4,9123026174188
"option1=""Size"", option2 null","Unity VI - Black (Winter)",GST019-S,Size,,active,4,9071275966700
"option1=""Size"", option2 null","Unity VI - Mocha Brown",GST010-S,Size,,active,4,8995734094060
"option1=""Size"", option2 null","Unity VI - Sandstone (Winter)",GST011-S,Size,,active,4,8757319467244
"option1=""Size"", option2 null","Unity VI - Slate Blue (Summer)",GST018-S,Size,,active,4,9003524915436
"option1=""Size"", option2 null","Unity VI - Slate Blue (Winter)",,Size,,archived,4,8757208711404
"option1=""Size"", option2 null","Unity VI - Slate Blue (Winter)",GST009-S,Size,,active,4,9044777861356
"option1=""Size"", option2 null","Utility V1 | Black Cargos",GC001-26,Size,,active,7,8989894344940
"option1=""Size"", option2 null","Utility V1 | Cream Cargos",GC004-26,Size,,active,7,8995613049068
"option1=""Size"", option2 null","Utility V1 | Grey Cargos",GC003-26,Size,,active,7,8995734749420
"option1=""Size"", option2 null","Utility V1 | Mint Green Cargos",GC009-26,Size,,active,7,8995706765548
"option1=""Size"", option2 null","Utility V1 | Mocha Brown Cargos",GC002-26,Size,,active,7,8989913841900
"option1=""Size"", option2 null","White Beard -  One Piece",GH015-S,Size,,active,4,8757317861612
"option1=""Title"" (single-variant)","Bundle of (2) Essential Tees",e3dbca70-6021-4fae-996a-9611c60171d8,Title,,draft,1,8830114824428
"option1=""Title"" (single-variant)","Bundle of (2) VII Cargos",871024b6-8adb-4804-9ca3-cce889f6b9e8,Title,,draft,1,8830116954348
"option1=""Title"" (single-variant)","Bundle of (3) Cargo VII's",CARGO-111,Title,,draft,1,7585553252588
"option1=""Title"" (single-variant)","Bundle of (3) Essential Tees",7819b3ce-e234-455c-baa5-085ba58e3d20,Title,,draft,1,8830115021036
"option1=""Title"" (single-variant)","Bundle of (3) VII Cargos",19892ccb-e44b-43b5-a68b-b5de29775241,Title,,draft,1,8830118461676
"option1=""Title"" (single-variant)","Bundle of (3) Washed Blanks",,Title,,draft,1,8664135696620
"option1=""Title"" (single-variant)","Bundle of (3) Washed Blanks",c51d85c2-64f3-41f1-8f37-7c1ecaf096bd,Title,,draft,1,8672778649836
"option1=""Title"" (single-variant)","Bundle of (3) Washed T-Shirts",,Title,,archived,1,8672771637484
"option1=""Title"" (single-variant)","Bundle of (4) Essential Tees",10099f0e-3d84-4ba8-92e5-81e78ecdbde6,Title,,draft,1,8830115217644
"option1=""Title"" (single-variant)","Bundle of (5) Washed Blanks",,Title,,draft,1,8664135991532
"option1=""Title"" (single-variant)","Bundle of (5) Washed Blanks",b86bc4ae-1bbb-41b5-b25e-2829182b8b09,Title,,draft,1,8672787857644
"option1=""Title"" (single-variant)","Item Customizations",,Title,,draft,1,7882755571948
"option1=""Title"" (single-variant)","Jade Green Washed Blank",,Title,,draft,1,8671723520236
"option1=""Title"" (single-variant)","RIOT",GHW014,Title,,draft,1,9258601611500
"option1=""Title"" (single-variant)","Tip/Gratuity",TIPQUIK-TG,Title,,active,1,7910975570156
"Swapped: option1=""Size"", option2=""Color""","ASAP ROCKY",GP057-XS,Size,Color,active,5,7583182946540
"Swapped: option1=""Size"", option2=""Color""","Billie Eillish",OVERS-03,Size,Color,draft,3,7583183995116
"Swapped: option1=""Size"", option2=""Color""","Chicago Bulls",GP061-S,Size,Color,active,10,7073501282461
"Swapped: option1=""Size"", option2=""Color""","Chill Out",GP056-XS,Size,Color,active,5,7583184912620
"Swapped: option1=""Size"", option2=""Color""","Dragon Ball Z",OVERS-17,Size,Color,draft,5,7583185993964
"Swapped: option1=""Size"", option2=""Color""","Essential Trousers | Chalk",GST026-S,Size,Color,active,4,9086361501932
"Swapped: option1=""Size"", option2=""Color""","Evago Authentic (Exclusive)",VRQST-5,Size,Color,draft,4,7088402202781
"Swapped: option1=""Size"", option2=""Color""","GROOVY Grunge Slogan",OVERS-22,Size,Color,draft,5,7583189270764
"Swapped: option1=""Size"", option2=""Color""","GROOVY LIVING",GROOVY-100,Size,Color,draft,5,7073605353629
"Swapped: option1=""Size"", option2=""Color""","Hyperactive Emotions",OVERS-31,Size,Color,draft,5,7583190384876
"Swapped: option1=""Size"", option2=""Color""","Intuitive",VQRST-007,Size,Color,draft,5,7088408363165
"Swapped: option1=""Size"", option2=""Color""","It's On Flames",OVERS-37,Size,Color,draft,5,7583191859436
"Swapped: option1=""Size"", option2=""Color""","Kakashi Exclusive",OVERS-44,Size,Color,draft,5,7583194448108
"Swapped: option1=""Size"", option2=""Color""","Kanye West (YE!)",OVERS-50,Size,Color,draft,9,7583199690988
"Swapped: option1=""Size"", option2=""Color""","Naruto Team 7",OVERS-99,Size,Color,draft,5,7583214174444
"Swapped: option1=""Size"", option2=""Color""","Never Stopping Culture",GH017-S,Size,Color,active,4,8756560527596
"Swapped: option1=""Size"", option2=""Color""","School Ruins Creativity",GH012-S,Size,Color,draft,4,8756558364908
"Swapped: option1=""Size"", option2=""Color""","Travis Scott",OVERS-75,Size,Color,draft,5,7583206146284
"Swapped: option1=""Size"", option2=""Color""","University Of GROOVY",OVERS-86,Size,Color,draft,5,7583208702188
